{"cameraMode":{"drawMode":0,"name":"Shaded","section":"Shading Mode"},"sceneLighting":false,"audioPlay":false,"sceneViewState":{"m_AlwaysRefresh":false,"showFog":true,"showSkybox":false,"showFlares":true,"showImageEffects":true,"showParticleSystems":true,"showVisualEffectGraphs":true,"m_FxEnabled":true},"in2DMode":false,"pivot":{"x":-0.4067572057247162,"y":2.449071168899536,"z":1.092047929763794},"rotation":{"x":0.02358478121459484,"y":0.9518774151802063,"z":-0.29601576924324038,"w":0.07584447413682938},"size":0.41630488634109499,"orthographic":false}