{"cameraMode":{"drawMode":0,"name":"Shaded","section":"Shading Mode"},"sceneLighting":true,"audioPlay":false,"sceneViewState":{"showFog":false,"showMaterialUpdate":false,"showSkybox":true,"showFlares":true,"showImageEffects":true,"showParticleSystems":true},"in2DMode":false,"pivot":{"x":286.2099914550781,"y":-6.263584136962891,"z":401.2628173828125},"rotation":{"x":0.31817296147346499,"y":0.07638025283813477,"z":-0.025733673945069314,"w":0.9446044564247131},"size":51.26597213745117,"orthographic":false}