{"cameraMode":{"drawMode":0,"name":"Shaded","section":"Shading Mode"},"sceneLighting":true,"audioPlay":false,"sceneViewState":{"showFog":true,"showMaterialUpdate":false,"showSkybox":false,"showFlares":true,"showImageEffects":true,"showParticleSystems":true},"in2DMode":false,"pivot":{"x":-1.0439534187316895,"y":1.3443846702575684,"z":0.8958699107170105},"rotation":{"x":0.010036933235824108,"y":-0.9884464740753174,"z":0.07607653737068176,"w":0.1309269815683365},"size":1.5000174045562745,"orthographic":false}