{"cameraMode":{"drawMode":0,"name":"Shaded","section":"Shading Mode"},"sceneLighting":true,"audioPlay":false,"sceneViewState":{"showFog":true,"showMaterialUpdate":false,"showSkybox":false,"showFlares":true,"showImageEffects":true,"showParticleSystems":true},"in2DMode":false,"pivot":{"x":0.03626933693885803,"y":1.6974658966064454,"z":0.5479637980461121},"rotation":{"x":0.010036933235824108,"y":-0.9884464740753174,"z":0.07607653737068176,"w":0.1309269815683365},"size":0.6000174283981323,"orthographic":false}