{"cameraMode":{"drawMode":0,"name":"Shaded","section":"Shading Mode"},"sceneLighting":true,"audioPlay":false,"sceneViewState":{"showFog":false,"showMaterialUpdate":false,"showSkybox":true,"showFlares":true,"showImageEffects":false,"showParticleSystems":false},"in2DMode":false,"pivot":{"x":-64.7176513671875,"y":7.693816661834717,"z":9.958375930786133},"rotation":{"x":0.06401142477989197,"y":-0.9255505204200745,"z":0.18071843683719636,"w":0.3267916738986969},"size":1.2663356065750123,"orthographic":false}