{"cameraMode":{"drawMode":0,"name":"Shaded","section":"Shading Mode"},"sceneLighting":true,"audioPlay":false,"sceneViewState":{"showFog":false,"showMaterialUpdate":true,"showSkybox":false,"showFlares":true,"showImageEffects":true,"showParticleSystems":true},"in2DMode":false,"pivot":{"x":0.4867124557495117,"y":6.661262512207031,"z":2.0197513103485109},"rotation":{"x":0.07141716033220291,"y":-0.8869830965995789,"z":0.1466105878353119,"w":0.43206697702407839},"size":5.260704517364502,"orthographic":false}