{"cameraMode":{"drawMode":0,"name":"Shaded","section":"Shading Mode"},"sceneLighting":false,"audioPlay":false,"sceneViewState":{"showFog":false,"showMaterialUpdate":true,"showSkybox":false,"showFlares":true,"showImageEffects":true,"showParticleSystems":true},"in2DMode":false,"pivot":{"x":0.0,"y":0.07995566725730896,"z":2.4316675662994386},"rotation":{"x":-0.17684045433998109,"y":-0.2385757714509964,"z":0.04422781616449356,"w":-0.9538737535476685},"size":5.4228291511535648,"orthographic":false}