{"cameraMode":{"drawMode":0,"name":"Shaded","section":"Shading Mode"},"sceneLighting":false,"audioPlay":false,"sceneViewState":{"showFog":false,"showMaterialUpdate":false,"showSkybox":false,"showFlares":true,"showImageEffects":false,"showParticleSystems":false},"in2DMode":false,"pivot":{"x":-0.0000012186496860522312,"y":-0.000012132204574299976,"z":-0.000009274770491174422},"rotation":{"x":-0.17368043959140778,"y":-0.061110347509384158,"z":0.010877247899770737,"w":-0.9829362034797669},"size":10.143362998962403,"orthographic":false}