{"cameraMode":{"drawMode":0,"name":"Shaded","section":"Shading Mode"},"sceneLighting":true,"audioPlay":false,"sceneViewState":{"showFog":false,"showMaterialUpdate":false,"showSkybox":true,"showFlares":true,"showImageEffects":false,"showParticleSystems":false},"in2DMode":false,"pivot":{"x":23.98505401611328,"y":9.361503601074219,"z":-3.8316755294799806},"rotation":{"x":0.5636810064315796,"y":0.17162123322486878,"z":-0.12098415940999985,"w":0.7989740967750549},"size":21.31829833984375,"orthographic":false}