{"cameraMode":{"drawMode":0,"name":"Shaded","section":"Shading Mode"},"sceneLighting":true,"audioPlay":false,"sceneViewState":{"showFog":false,"showMaterialUpdate":true,"showSkybox":false,"showFlares":true,"showImageEffects":true,"showParticleSystems":true},"in2DMode":false,"pivot":{"x":0.5679864883422852,"y":11.685851097106934,"z":6.714142799377441},"rotation":{"x":0.00204919814132154,"y":-0.9459394216537476,"z":0.005968174431473017,"w":0.32431262731552126},"size":10.02583122253418,"orthographic":false}